29441.211607512978,coinmarketcap
29441.211607512978,yahoo_finance
29441.211607512978,coinmarketcap
29441.211607512978,yahoo_finance
29441.211607512978,coinmarketcap
29441.211607512978,yahoo_finance
29441.211607512978,coinmarketcap
29441.211607512978,yahoo_finance
29441.211607512978,coinmarketcap
29441.211607512978,coinmarketcap
29441.211607512978,yahoo_finance
29441.211607512978,coinmarketcap
29441.211607512978,coinmarketcap
29441.211607512978,yahoo_finance
29441.211607512978,coinmarketcap
29441.211607512978,coinmarketcap
29441.211607512978,yahoo_finance
29441.211607512978,coinmarketcap
29441.211607512978,coinmarketcap
29441.211607512978,yahoo_finance
29441.211607512978,coinmarketcap
29441.211607512978,coinmarketcap
29441.211607512978,yahoo_finance
29441.211607512978,coinmarketcap
29441.211607512978,coinmarketcap
29441.211607512978,yahoo_finance
29441.211607512978,coinmarketcap
29441.211607512978,coinmarketcap
29441.211607512978,coinmarketcap
29441.211607512978,yahoo_finance
29441.211607512978,coinmarketcap
29441.211607512978,coinmarketcap
29441.211607512978,yahoo_finance
29441.211607512978,coinmarketcap
29441.211607512978,coinmarketcap
29441.211607512978,yahoo_finance
29441.211607512978,coinmarketcap
29441.211607512978,coinmarketcap
29441.211607512978,yahoo_finance
29441.211607512978,coinmarketcap
29441.211607512978,coinmarketcap
29441.211607512978,yahoo_finance
29441.211607512978,coinmarketcap
29441.211607512978,coinmarketcap
29441.211607512978,yahoo_finance
29441.211607512978,coinmarketcap
29441.211607512978,coinmarketcap
29441.211607512978,yahoo_finance
29441.211607512978,coinmarketcap
29441.211607512978,coinmarketcap
29441.211607512978,yahoo_finance
29441.211607512978,coinmarketcap
29441.211607512978,coinmarketcap
29441.211607512978,coinmarketcap
29441.211607512978,yahoo_finance
29441.211607512978,coinmarketcap
29441.211607512978,coinmarketcap
29441.211607512978,coinmarketcap
29441.211607512978,yahoo_finance
29441.211607512978,coinmarketcap
29441.211607512978,yahoo_finance
29441.211607512978,yahoo_finance
29441.211607512978,coinmarketcap
29441.211607512978,yahoo_finance
29441.211607512978,yahoo_finance
29441.211607512978,coinmarketcap
29441.211607512978,yahoo_finance
29441.211607512978,coinmarketcap
29441.211607512978,coinmarketcap
29441.211607512978,yahoo_finance
29441.211607512978,coinmarketcap
29441.211607512978,coinmarketcap
29441.211607512978,yahoo_finance
29441.211607512978,coinmarketcap
29441.211607512978,coinmarketcap
29441.211607512978,yahoo_finance
29441.211607512978,coinmarketcap
29441.211607512978,coinmarketcap
29441.211607512978,coinmarketcap
29441.211607512978,yahoo_finance
29441.211607512978,coinmarketcap
29441.211607512978,coinmarketcap
29441.211607512978,yahoo_finance
29441.211607512978,coinmarketcap
29441.211607512978,coinmarketcap
29441.211607512978,yahoo_finance
29441.211607512978,coinmarketcap
29441.211607512978,coinmarketcap
29441.211607512978,yahoo_finance
29441.211607512978,coinmarketcap
29441.211607512978,coinmarketcap
29441.211607512978,yahoo_finance
29441.211607512978,coinmarketcap
29441.211607512978,coinmarketcap
29441.211607512978,yahoo_finance
29441.211607512978,coinmarketcap
29441.211607512978,coinmarketcap
29441.211607512978,yahoo_finance
29441.211607512978,coinmarketcap
29441.211607512978,coinmarketcap
29441.211607512978,yahoo_finance
29441.211607512978,coinmarketcap
29441.211607512978,coinmarketcap
29441.211607512978,yahoo_finance
29441.211607512978,coinmarketcap
29441.211607512978,coinmarketcap
29441.211607512978,coinmarketcap
29441.211607512978,yahoo_finance
29441.211607512978,coinmarketcap
29441.211607512978,coinmarketcap
29441.211607512978,yahoo_finance
29441.211607512978,coinmarketcap
29441.211607512978,coinmarketcap
29441.211607512978,yahoo_finance
29441.211607512978,coinmarketcap
29441.211607512978,coinmarketcap
29441.211607512978,yahoo_finance
29441.211607512978,coinmarketcap
29441.211607512978,coinmarketcap
29441.211607512978,yahoo_finance
29441.211607512978,coinmarketcap
29441.211607512978,coinmarketcap
29441.211607512978,yahoo_finance
29441.211607512978,coinmarketcap
29441.211607512978,coinmarketcap
29441.211607512978,yahoo_finance
29441.211607512978,coinmarketcap
29441.211607512978,coinmarketcap
29441.211607512978,yahoo_finance
29441.211607512978,coinmarketcap
29441.211607512978,coinmarketcap
29441.211607512978,yahoo_finance
29441.211607512978,coinmarketcap
29441.211607512978,coinmarketcap
29441.211607512978,coinmarketcap
29441.211607512978,yahoo_finance
29441.211607512978,coinbase
29441.211607512978,coinbase
29441.211607512978,yahoo_finance
29441.211607512978,coinmarketcap
29441.211607512978,coinmarketcap
29441.211607512978,yahoo_finance
29441.211607512978,coinmarketcap
29441.211607512978,coinmarketcap
29441.211607512978,yahoo_finance
29441.211607512978,coinmarketcap
29441.211607512978,coinmarketcap
29441.211607512978,yahoo_finance
29441.211607512978,coinmarketcap
29441.211607512978,coinmarketcap
29441.211607512978,yahoo_finance
29441.211607512978,coinmarketcap
29441.211607512978,coinmarketcap
29441.211607512978,yahoo_finance
29441.211607512978,coinmarketcap
29441.211607512978,coinmarketcap
29441.211607512978,yahoo_finance
29441.211607512978,coinmarketcap
29441.211607512978,coinmarketcap
29441.211607512978,yahoo_finance
29441.211607512978,coinmarketcap
29441.211607512978,coinmarketcap
29441.211607512978,coinmarketcap
29441.211607512978,yahoo_finance
29441.211607512978,coinmarketcap
29441.211607512978,coinmarketcap
29441.211607512978,yahoo_finance
29441.211607512978,coinmarketcap
29441.211607512978,coinmarketcap
29441.211607512978,yahoo_finance
29441.211607512978,coinmarketcap
29441.211607512978,coinmarketcap
29441.211607512978,yahoo_finance
29441.211607512978,coinmarketcap
29441.211607512978,coinmarketcap
29441.211607512978,yahoo_finance
29441.211607512978,coinmarketcap
29441.211607512978,coinmarketcap
29441.211607512978,yahoo_finance
29441.211607512978,coinmarketcap
29441.211607512978,coinmarketcap
29441.211607512978,yahoo_finance
29441.211607512978,coinmarketcap
29441.211607512978,coinmarketcap
29441.211607512978,yahoo_finance
29441.211607512978,coinmarketcap
29441.211607512978,coinmarketcap
29441.211607512978,yahoo_finance
29441.211607512978,coinmarketcap
29441.211607512978,coinmarketcap
29441.211607512978,coinmarketcap
29441.211607512978,coinmarketcap
29441.211607512978,yahoo_finance
29441.211607512978,coinmarketcap
29441.211607512978,coinmarketcap
29441.211607512978,yahoo_finance
29441.211607512978,coinmarketcap
29441.211607512978,coinmarketcap
29441.211607512978,coinmarketcap
29441.211607512978,yahoo_finance
29441.211607512978,coinbase
29441.211607512978,coinbase
29441.211607512978,yahoo_finance
29441.211607512978,coinbase
29441.211607512978,coinbase
29441.211607512978,yahoo_finance
29441.211607512978,coinbase
29441.211607512978,coinbase
29441.211607512978,yahoo_finance
29441.211607512978,coinbase
29441.211607512978,coinbase
29441.211607512978,yahoo_finance
29441.211607512978,coinbase
29441.211607512978,coinbase
29441.211607512978,yahoo_finance
29441.211607512978,coinbase
29441.211607512978,coinbase
29441.211607512978,coinmarketcap
29441.211607512978,yahoo_finance
29441.211607512978,coinmarketcap
29441.211607512978,coinmarketcap
29441.211607512978,yahoo_finance
29441.211607512978,coinmarketcap
29441.211607512978,coinmarketcap
29441.211607512978,yahoo_finance
29441.211607512978,coinmarketcap
29441.211607512978,coinmarketcap
29441.211607512978,yahoo_finance
29441.211607512978,coinmarketcap
29441.211607512978,coinmarketcap
29441.211607512978,yahoo_finance
29441.211607512978,coinmarketcap
29441.211607512978,coinmarketcap
29441.211607512978,yahoo_finance
29441.211607512978,coinmarketcap
29441.211607512978,coinmarketcap
29441.211607512978,yahoo_finance
29441.211607512978,coinmarketcap
29441.211607512978,coinmarketcap
29441.211607512978,yahoo_finance
29441.211607512978,coinmarketcap
29441.211607512978,coinmarketcap
29441.211607512978,yahoo_finance
29441.211607512978,coinbase
29441.211607512978,coinbase
29441.211607512978,coinbase
29441.211607512978,yahoo_finance
29441.211607512978,coinbase
29441.211607512978,coinbase
29441.211607512978,yahoo_finance
29441.211607512978,kraken
29441.211607512978,kraken
29441.211607512978,yahoo_finance
29441.211607512978,coinbase
29441.211607512978,coinbase
29441.211607512978,yahoo_finance
29441.211607512978,coinbase
29441.211607512978,coinbase
29441.211607512978,yahoo_finance
29441.211607512978,coinbase
29441.211607512978,coinbase
29441.211607512978,yahoo_finance
29441.211607512978,coinbase
29441.211607512978,coinbase
29441.211607512978,yahoo_finance
29441.211607512978,coinbase
29441.211607512978,coinbase
29441.211607512978,yahoo_finance
29441.211607512978,coinbase
29441.211607512978,coinbase
29441.211607512978,yahoo_finance
29441.211607512978,coinbase
29441.211607512978,coinbase
29441.211607512978,coinbase
29441.211607512978,yahoo_finance
29441.211607512978,coinbase
29441.211607512978,coinbase
29441.211607512978,yahoo_finance
29441.211607512978,coinbase
29441.211607512978,coinbase
29441.211607512978,yahoo_finance
29441.211607512978,coinbase
29441.211607512978,coinbase
29441.211607512978,yahoo_finance
29441.211607512978,coinmarketcap
29441.211607512978,coinmarketcap
29441.211607512978,yahoo_finance
29441.211607512978,coinmarketcap
29441.211607512978,coinmarketcap
29441.211607512978,yahoo_finance
29441.211607512978,coinmarketcap
29441.211607512978,coinmarketcap
29441.211607512978,coinmarketcap
29441.211607512978,coinmarketcap
29441.211607512978,yahoo_finance
29441.211607512978,coinmarketcap
29441.211607512978,coinmarketcap
29441.211607512978,yahoo_finance
29441.211607512978,coinmarketcap
29441.211607512978,coinmarketcap
29441.211607512978,yahoo_finance
29441.211607512978,coinmarketcap
29441.211607512978,coinmarketcap
29441.211607512978,coinmarketcap
29441.211607512978,yahoo_finance
29441.211607512978,coinmarketcap
29441.211607512978,coinmarketcap
29441.211607512978,yahoo_finance
29441.211607512978,coinbase
29441.211607512978,coinbase
29441.211607512978,yahoo_finance
29441.211607512978,coinbase
29441.211607512978,coinbase
29441.211607512978,yahoo_finance
29441.211607512978,coinbase
29441.211607512978,coinbase
29441.211607512978,yahoo_finance
29441.211607512978,coinbase
29441.211607512978,coinbase
29441.211607512978,yahoo_finance
29441.211607512978,coinbase
29441.211607512978,coinbase
29441.211607512978,yahoo_finance
29441.211607512978,coinbase
29441.211607512978,coinbase
29441.211607512978,yahoo_finance
29441.211607512978,coinbase
29441.211607512978,coinbase
29441.211607512978,yahoo_finance
29441.211607512978,coinbase
29441.211607512978,coinbase
29441.211607512978,coinbase
29441.211607512978,yahoo_finance
29441.211607512978,coinbase
29441.211607512978,coinbase
29441.211607512978,yahoo_finance
29441.211607512978,coinbase
29441.211607512978,coinbase
29441.211607512978,yahoo_finance
29441.211607512978,coinbase
29441.211607512978,coinbase
29441.211607512978,yahoo_finance
29441.211607512978,coinbase
29441.211607512978,coinbase
29441.211607512978,yahoo_finance
29441.211607512978,coinbase
29441.211607512978,coinbase
29441.211607512978,yahoo_finance
29441.211607512978,coinbase
29441.211607512978,coinbase
29441.211607512978,yahoo_finance
29441.211607512978,coinbase
29441.211607512978,coinbase
29441.211607512978,yahoo_finance
29441.211607512978,coinbase
29441.211607512978,coinbase
29441.211607512978,yahoo_finance
29441.211607512978,coinbase
29441.211607512978,coinbase
29441.211607512978,coinbase
29441.211607512978,yahoo_finance
29441.211607512978,coinbase
29441.211607512978,coinbase
29441.211607512978,yahoo_finance
29441.211607512978,coinbase
29441.211607512978,coinbase
29441.211607512978,yahoo_finance
29441.211607512978,kraken
29441.211607512978,coinbase
29441.211607512978,yahoo_finance
29441.211607512978,coinbase
29441.211607512978,coinbase
29441.211607512978,yahoo_finance
29441.211607512978,coinbase
29441.211607512978,coinbase
29441.211607512978,yahoo_finance
29441.211607512978,coinbase
29441.211607512978,coinbase
29441.211607512978,yahoo_finance
29441.211607512978,coinbase
29441.211607512978,coinbase
29441.211607512978,yahoo_finance
29441.211607512978,coinbase
29441.211607512978,coinbase
29441.211607512978,yahoo_finance
29441.211607512978,coinbase
29441.211607512978,coinbase
29441.211607512978,coinbase
29441.211607512978,yahoo_finance
29441.211607512978,coinbase
29441.211607512978,coinbase
29441.211607512978,yahoo_finance
29441.211607512978,kraken
29441.211607512978,coinbase
29441.211607512978,yahoo_finance
29441.211607512978,coinbase
29441.211607512978,coinbase
29441.211607512978,yahoo_finance
29441.211607512978,coinbase
29441.211607512978,coinbase
29441.211607512978,yahoo_finance
29441.211607512978,coinbase
29441.211607512978,coinbase
29441.211607512978,yahoo_finance
29441.211607512978,coinbase
29441.211607512978,coinbase
29441.211607512978,yahoo_finance
29441.211607512978,coinbase
29441.211607512978,coinbase
29441.211607512978,yahoo_finance
29441.211607512978,coinbase
29441.211607512978,coinbase
29441.211607512978,yahoo_finance
29441.211607512978,coinbase
29441.211607512978,coinbase
29441.211607512978,coinbase
29441.211607512978,yahoo_finance
29441.211607512978,coinbase
29441.211607512978,coinbase
29441.211607512978,yahoo_finance
29441.211607512978,coinbase
29441.211607512978,coinbase
29441.211607512978,yahoo_finance
29441.211607512978,coinbase
29441.211607512978,coinbase
29441.211607512978,yahoo_finance
29441.211607512978,coinbase
29441.211607512978,coinbase
29441.211607512978,yahoo_finance
29441.211607512978,coinbase
29441.211607512978,coinbase
29441.211607512978,yahoo_finance
29441.211607512978,coinbase
29441.211607512978,coinbase
29441.211607512978,yahoo_finance
29441.211607512978,coinbase
29441.211607512978,coinbase
29441.211607512978,yahoo_finance
29441.211607512978,coinbase
29441.211607512978,coinbase
29441.211607512978,yahoo_finance
29441.211607512978,coinbase
29441.211607512978,coinbase
29441.211607512978,coinbase
29441.211607512978,yahoo_finance
29441.211607512978,coinmarketcap
29441.211607512978,coinmarketcap
29441.211607512978,yahoo_finance
29441.211607512978,coinmarketcap
29441.211607512978,coinmarketcap
29441.211607512978,yahoo_finance
29441.211607512978,coinmarketcap
29441.211607512978,coinmarketcap
29441.211607512978,yahoo_finance
29441.211607512978,coinmarketcap
29441.211607512978,coinmarketcap
29441.211607512978,yahoo_finance
29441.211607512978,coinmarketcap
29441.211607512978,coinmarketcap
29441.211607512978,yahoo_finance
29441.211607512978,coinmarketcap
29441.211607512978,coinmarketcap
29441.211607512978,yahoo_finance
29441.211607512978,coinmarketcap
29441.211607512978,coinmarketcap
29441.211607512978,yahoo_finance
29441.211607512978,coinmarketcap
29441.211607512978,coinmarketcap
29441.211607512978,yahoo_finance
29441.211607512978,coinmarketcap
29441.211607512978,coinmarketcap
29441.211607512978,coinmarketcap
29441.211607512978,yahoo_finance
29441.211607512978,coinmarketcap
29441.211607512978,coinmarketcap
29441.211607512978,yahoo_finance
29441.211607512978,coinmarketcap
29441.211607512978,coinmarketcap
29441.211607512978,yahoo_finance
29441.211607512978,coinbase
29441.211607512978,coinbase
29441.211607512978,yahoo_finance
29441.211607512978,coinbase
29441.211607512978,coinbase
29441.211607512978,coinbase
29441.211607512978,coinbase
29441.211607512978,yahoo_finance
29441.211607512978,coinbase
29441.211607512978,coinbase
29441.211607512978,yahoo_finance
29441.211607512978,coinbase
29441.211607512978,coinbase
29441.211607512978,yahoo_finance
29441.211607512978,coinbase
29441.211607512978,coinbase
29441.211607512978,yahoo_finance
29441.211607512978,kraken
29441.211607512978,coinbase
29441.211607512978,coinbase
29441.211607512978,yahoo_finance
29441.211607512978,coinbase
29441.211607512978,coinbase
29441.211607512978,yahoo_finance
29441.211607512978,coinbase
29441.211607512978,coinbase
29441.211607512978,yahoo_finance
29441.211607512978,coinbase
29441.211607512978,coinbase
29441.211607512978,yahoo_finance
29441.211607512978,coinbase
29441.211607512978,coinbase
29441.211607512978,yahoo_finance
29441.211607512978,coinbase
29441.211607512978,coinbase
29441.211607512978,yahoo_finance
29441.211607512978,coinbase
29441.211607512978,coinbase
29441.211607512978,yahoo_finance
29441.211607512978,coinbase
29441.211607512978,coinbase
29441.211607512978,yahoo_finance
29441.211607512978,coinbase
29441.211607512978,coinbase
29441.211607512978,yahoo_finance
29441.211607512978,coinbase
29441.211607512978,coinbase
29441.211607512978,coinbase
29441.211607512978,yahoo_finance
29441.211607512978,coinbase
29441.211607512978,coinbase
29441.211607512978,yahoo_finance
29441.211607512978,coinbase
29441.211607512978,coinbase
29441.211607512978,yahoo_finance
29441.211607512978,coinbase
29441.211607512978,coinbase
29441.211607512978,yahoo_finance
29441.211607512978,coinbase
29441.211607512978,coinbase
29441.211607512978,yahoo_finance
29441.211607512978,coinbase
29441.211607512978,coinbase
29441.211607512978,yahoo_finance
29441.211607512978,coinbase
29441.211607512978,coinbase
29441.211607512978,yahoo_finance
29441.211607512978,coinbase
29441.211607512978,coinbase
29441.211607512978,yahoo_finance
29441.211607512978,coinbase
29441.211607512978,coinbase
29441.211607512978,yahoo_finance
29441.211607512978,coinbase
29441.211607512978,coinbase
29441.211607512978,coinbase
29441.211607512978,yahoo_finance
29441.211607512978,coinbase
29441.211607512978,coinbase
29441.211607512978,yahoo_finance
29441.211607512978,coinbase
29441.211607512978,coinbase
29441.211607512978,yahoo_finance
29441.211607512978,coinbase
29441.211607512978,coinbase
29441.211607512978,yahoo_finance
29441.211607512978,coinbase
29441.211607512978,coinbase
29441.211607512978,yahoo_finance
29441.211607512978,coinbase
29441.211607512978,coinbase
29441.211607512978,yahoo_finance
29441.211607512978,coinbase
29441.211607512978,coinbase
29441.211607512978,yahoo_finance
29441.211607512978,coinbase
29441.211607512978,coinbase
29441.211607512978,yahoo_finance
29441.211607512978,coinbase
29441.211607512978,coinbase
29441.211607512978,yahoo_finance
29441.211607512978,coinbase
29441.211607512978,coinbase
29441.211607512978,coinbase
29441.211607512978,yahoo_finance
29441.211607512978,coinbase
29441.211607512978,coinbase
29441.211607512978,yahoo_finance
29441.211607512978,coinbase
29441.211607512978,coinbase
29441.211607512978,yahoo_finance
29441.211607512978,coinbase
29441.211607512978,coinbase
29441.211607512978,yahoo_finance
29441.211607512978,coinbase
29441.211607512978,coinbase
29441.211607512978,yahoo_finance
29441.211607512978,coinbase
29441.211607512978,coinbase
29441.211607512978,yahoo_finance
29441.211607512978,coinbase
29441.211607512978,coinbase
29441.211607512978,yahoo_finance
29441.211607512978,coinbase
29441.211607512978,coinbase
29441.211607512978,yahoo_finance
29441.211607512978,coinbase
29441.211607512978,coinbase
29441.211607512978,yahoo_finance
29441.211607512978,coinbase
29441.211607512978,coinbase
29441.211607512978,coinbase
29441.211607512978,yahoo_finance
29441.211607512978,coinbase
29441.211607512978,coinbase
29441.211607512978,yahoo_finance
29441.211607512978,coinbase
29441.211607512978,coinbase
29441.211607512978,yahoo_finance
29441.211607512978,coinbase
29441.211607512978,coinbase
29441.211607512978,yahoo_finance
29441.211607512978,coinmarketcap
29441.211607512978,coinmarketcap
29441.211607512978,yahoo_finance
29441.211607512978,coinmarketcap
29441.211607512978,coinmarketcap
29441.211607512978,yahoo_finance
29441.211607512978,coinmarketcap
29441.211607512978,coinmarketcap
29441.211607512978,yahoo_finance
29441.211607512978,coinmarketcap
29441.211607512978,coinmarketcap
29441.211607512978,yahoo_finance
29441.211607512978,coinmarketcap
29441.211607512978,coinmarketcap
29441.211607512978,yahoo_finance
29441.211607512978,coinmarketcap
29441.211607512978,coinmarketcap
29441.211607512978,coinmarketcap
29441.211607512978,yahoo_finance
29441.211607512978,coinmarketcap
29441.211607512978,coinmarketcap
29441.211607512978,yahoo_finance
29441.211607512978,coinbase
29441.211607512978,coinbase
29441.211607512978,coinbase
29441.211607512978,coinbase
29441.211607512978,yahoo_finance
29441.211607512978,coinbase
29441.211607512978,coinbase
29441.211607512978,yahoo_finance
29441.211607512978,coinbase
29441.211607512978,coinbase
29441.211607512978,yahoo_finance
